Year,Predicted_Value
2024,115849.4444444459
2025,122393.77777777985
2026,128938.11111111194
2027,135482.4444444459
2028,142026.77777777985
