Year,potency,potency_increase
2021,8.363636363636363,
2022,12.027777777777779,43.810386473429965
2023,13.46808510638298,11.974841531128689
2024,9.862068965517242,-26.77452742822901
2025,20.0,102.79720279720279
